model_name,train_accuracy,val_accuracy,train_precision,val_precision,train_recall,val_recall,train_f1,val_f1,train_roc_auc,val_roc_auc,overfit_accuracy,overfit_f1
LightGBM,0.8209608640656836,0.8178568182506741,0.5530047098858284,0.5483582089552239,0.8027347245588288,0.7890893470790378,0.6548693239889035,0.6470588235294118,0.8972881039693523,0.8894285994647698,0.0031040458150094485,0.0078105004594917204
Gradient Boosting,0.8701553470123535,0.8654224861393038,0.7564382780575881,0.7440476190476191,0.5698535991695601,0.5548396334478809,0.6500214360084111,0.6356627296587927,0.8957629105532465,0.8892831426239868,0.0047328608730496935,0.014358706349618444
XGBoost,0.8714278140077408,0.8654830793468052,0.7624497222754262,0.7456546929316339,0.5699609836417654,0.5528350515463918,0.6523012638004138,0.6349284657128762,0.9005103795481422,0.8891233304761375,0.005944734660935591,0.017372798087537555
CatBoost,0.8665803206919797,0.8652407065167995,0.7570475146926985,0.7551307847082495,0.5440813258402835,0.5373711340206185,0.6331354784963033,0.627906976744186,0.8916427906409641,0.8890687896630697,0.0013396141751801371,0.005228501752117198
XGBoost,0.883531398880532,0.8634229102917563,0.794946458763855,0.7363497518136694,0.6058631921824105,0.552262313860252,0.6876434621869223,0.6311569301260023,0.9175822865628386,0.8860536359610336,0.020108488588775675,0.056486532060920025
Random Forest,0.9076098070849145,0.8443663465325537,0.7357055141222631,0.6177182919056724,0.8792282635930845,0.6938717067583047,0.8010892961972474,0.6535841931350732,0.9669121626826577,0.8827708347391519,0.06324346055236074,0.14750510306217424
Logistic Regression,0.8578927037651389,0.8564546914290908,0.7297771099423992,0.7261377366089408,0.5215305866771665,0.5163230240549829,0.608325330883888,0.6035146443514644,0.8745164914154854,0.8736566755930376,0.0014380123360481223,0.004810686532423558
